{
  "layer_stats": {
    "0": {
      "mean_l2": 0.012682268570743125,
      "std_l2": 0.0008248408617111104,
      "mean_cosine_dist": 0.00021076202392578125,
      "std_cosine_dist": 0.0004229545593261719
    },
    "1": {
      "mean_l2": 0.02653733333529587,
      "std_l2": 0.0016405319717072851,
      "mean_cosine_dist": 0.0003333091735839844,
      "std_cosine_dist": 0.00048828125
    },
    "2": {
      "mean_l2": 0.04076038289508141,
      "std_l2": 0.0020570609681662467,
      "mean_cosine_dist": 0.00043082237243652344,
      "std_cosine_dist": 0.00048828125
    },
    "3": {
      "mean_l2": 0.07726414561631417,
      "std_l2": 0.0031487875304343797,
      "mean_cosine_dist": 0.0006818771362304688,
      "std_cosine_dist": 0.0004229545593261719
    },
    "4": {
      "mean_l2": 0.14453896811959702,
      "std_l2": 0.005560440651982626,
      "mean_cosine_dist": 0.0012350082397460938,
      "std_cosine_dist": 0.00048828125
    },
    "5": {
      "mean_l2": 0.28931030931304447,
      "std_l2": 0.011851090971528413,
      "mean_cosine_dist": 0.0031147003173828125,
      "std_cosine_dist": 0.0003452301025390625
    },
    "6": {
      "mean_l2": 0.46385149370098655,
      "std_l2": 0.019715625893097884,
      "mean_cosine_dist": 0.006465911865234375,
      "std_cosine_dist": 0.000690460205078125
    },
    "7": {
      "mean_l2": 0.548969470851041,
      "std_l2": 0.021375025443951683,
      "mean_cosine_dist": 0.00653839111328125,
      "std_cosine_dist": 0.0006461143493652344
    },
    "8": {
      "mean_l2": 0.9699266053295081,
      "std_l2": 0.045165968028437954,
      "mean_cosine_dist": 0.0170135498046875,
      "std_cosine_dist": 0.0015249252319335938
    },
    "9": {
      "mean_l2": 1.4682433907142893,
      "std_l2": 0.07193546437105837,
      "mean_cosine_dist": 0.0296783447265625,
      "std_cosine_dist": 0.00266265869140625
    },
    "10": {
      "mean_l2": 1.784209054843926,
      "std_l2": 0.08492344369016923,
      "mean_cosine_dist": 0.04150390625,
      "std_cosine_dist": 0.0034961700439453125
    },
    "11": {
      "mean_l2": 2.1262578003213077,
      "std_l2": 0.09385525346234638,
      "mean_cosine_dist": 0.058319091796875,
      "std_cosine_dist": 0.0046844482421875
    },
    "12": {
      "mean_l2": 2.7320435295037466,
      "std_l2": 0.13119113907378532,
      "mean_cosine_dist": 0.071044921875,
      "std_cosine_dist": 0.005970001220703125
    },
    "13": {
      "mean_l2": 3.6819521950393757,
      "std_l2": 0.22210891166331465,
      "mean_cosine_dist": 0.12457275390625,
      "std_cosine_dist": 0.0146942138671875
    },
    "14": {
      "mean_l2": 4.2129473681396705,
      "std_l2": 0.2543298410926496,
      "mean_cosine_dist": 0.12200927734375,
      "std_cosine_dist": 0.01509857177734375
    },
    "15": {
      "mean_l2": 4.493947342512851,
      "std_l2": 0.3593603915432948,
      "mean_cosine_dist": 0.128662109375,
      "std_cosine_dist": 0.01983642578125
    },
    "16": {
      "mean_l2": 4.736006153850003,
      "std_l2": 0.46748254285190566,
      "mean_cosine_dist": 0.11688232421875,
      "std_cosine_dist": 0.0218963623046875
    },
    "17": {
      "mean_l2": 5.153718351768647,
      "std_l2": 0.5249684361202163,
      "mean_cosine_dist": 0.11566162109375,
      "std_cosine_dist": 0.0240936279296875
    },
    "18": {
      "mean_l2": 5.571010822205266,
      "std_l2": 0.6844734567650076,
      "mean_cosine_dist": 0.1119384765625,
      "std_cosine_dist": 0.0277099609375
    },
    "19": {
      "mean_l2": 5.837472261877986,
      "std_l2": 0.7421155143847759,
      "mean_cosine_dist": 0.11077880859375,
      "std_cosine_dist": 0.0282135009765625
    },
    "20": {
      "mean_l2": 6.325631641925049,
      "std_l2": 0.8132814722254957,
      "mean_cosine_dist": 0.111083984375,
      "std_cosine_dist": 0.0281829833984375
    },
    "21": {
      "mean_l2": 6.849333979381489,
      "std_l2": 0.8764906111870971,
      "mean_cosine_dist": 0.10595703125,
      "std_cosine_dist": 0.0275421142578125
    },
    "22": {
      "mean_l2": 7.277883342524286,
      "std_l2": 0.9440670544941006,
      "mean_cosine_dist": 0.98828125,
      "std_cosine_dist": 0.1016845703125
    },
    "23": {
      "mean_l2": 7.7187916652132955,
      "std_l2": 1.0120653450586408,
      "mean_cosine_dist": 1.0,
      "std_cosine_dist": 0.00048828125
    },
    "24": {
      "mean_l2": 8.363557549297136,
      "std_l2": 1.1938681714279753,
      "mean_cosine_dist": 1.0,
      "std_cosine_dist": 0.00048828125
    },
    "25": {
      "mean_l2": 8.947029343884502,
      "std_l2": 1.2970817507545935,
      "mean_cosine_dist": 1.0,
      "std_cosine_dist": 0.00048828125
    },
    "26": {
      "mean_l2": 9.976573359187128,
      "std_l2": 1.5120951540451208,
      "mean_cosine_dist": 1.0,
      "std_cosine_dist": 0.00048828125
    },
    "27": {
      "mean_l2": 11.084273132771315,
      "std_l2": 1.6847082883199784,
      "mean_cosine_dist": 1.0,
      "std_cosine_dist": 0.00048828125
    },
    "28": {
      "mean_l2": 12.305802269506092,
      "std_l2": 1.9740523542363526,
      "mean_cosine_dist": 1.0,
      "std_cosine_dist": 0.00048828125
    },
    "29": {
      "mean_l2": 13.52238236361119,
      "std_l2": 2.2409284652767605,
      "mean_cosine_dist": 1.0,
      "std_cosine_dist": 0.00048828125
    },
    "30": {
      "mean_l2": 15.277098413193182,
      "std_l2": 2.519885369810765,
      "mean_cosine_dist": 1.0,
      "std_cosine_dist": 0.00048828125
    },
    "31": {
      "mean_l2": 62.061034189231314,
      "std_l2": 12.987898517651743,
      "mean_cosine_dist": 1.0,
      "std_cosine_dist": 0.00048828125
    }
  },
  "max_l2_layer": 31,
  "max_cosine_layer": 23
}