{
  "layer_results": {
    "0": {
      "accuracy": 0.6382343179555261,
      "auc": 0.6930864056451498
    },
    "1": {
      "accuracy": 0.6083637570527713,
      "auc": 0.6966312892520272
    },
    "2": {
      "accuracy": 0.6140059741121805,
      "auc": 0.7003375852890901
    },
    "3": {
      "accuracy": 0.6183206106870229,
      "auc": 0.6982582694111541
    },
    "4": {
      "accuracy": 0.6312645204115499,
      "auc": 0.7094038215226096
    },
    "5": {
      "accuracy": 0.6452041154995022,
      "auc": 0.7166592864523071
    },
    "6": {
      "accuracy": 0.6568204447394623,
      "auc": 0.7259059808304883
    },
    "7": {
      "accuracy": 0.6657816130102887,
      "auc": 0.7323439084662963
    },
    "8": {
      "accuracy": 0.6614669764354464,
      "auc": 0.7400179029716076
    },
    "9": {
      "accuracy": 0.6827082641885164,
      "auc": 0.7695401888382591
    },
    "10": {
      "accuracy": 0.7125788250912711,
      "auc": 0.8079149227934349
    },
    "11": {
      "accuracy": 0.7510786591437106,
      "auc": 0.824361373386471
    },
    "12": {
      "accuracy": 0.8025224029206771,
      "auc": 0.8774941553463701
    },
    "13": {
      "accuracy": 0.8300696979754397,
      "auc": 0.918236747753796
    },
    "14": {
      "accuracy": 0.8400265516096913,
      "auc": 0.922360621080749
    },
    "15": {
      "accuracy": 0.8473282442748091,
      "auc": 0.9261040562610405
    },
    "16": {
      "accuracy": 0.8496515101228012,
      "auc": 0.9282443184253004
    },
    "17": {
      "accuracy": 0.8539661466976436,
      "auc": 0.9306755038781835
    },
    "18": {
      "accuracy": 0.8552937271822104,
      "auc": 0.9320091800343774
    },
    "19": {
      "accuracy": 0.8572850979090607,
      "auc": 0.9344570304874275
    },
    "20": {
      "accuracy": 0.859276468635911,
      "auc": 0.9347508106332225
    },
    "21": {
      "accuracy": 0.859276468635911,
      "auc": 0.9364077877926493
    },
    "22": {
      "accuracy": 0.8619316296050448,
      "auc": 0.938329500383295
    },
    "23": {
      "accuracy": 0.859276468635911,
      "auc": 0.9383609258121806
    },
    "24": {
      "accuracy": 0.8596083637570527,
      "auc": 0.9384299665271567
    },
    "25": {
      "accuracy": 0.8576169930302024,
      "auc": 0.9384447269558758
    },
    "26": {
      "accuracy": 0.8586126783936276,
      "auc": 0.9384347279557759
    },
    "27": {
      "accuracy": 0.8576169930302024,
      "auc": 0.9382923612400667
    },
    "28": {
      "accuracy": 0.8579488881513442,
      "auc": 0.9379076378076479
    },
    "29": {
      "accuracy": 0.8586126783936276,
      "auc": 0.9381133315239903
    },
    "30": {
      "accuracy": 0.8576169930302024,
      "auc": 0.9377995533779957
    },
    "31": {
      "accuracy": 0.8542980418187852,
      "auc": 0.9372572266582866
    }
  },
  "best_accuracy_layer": 22,
  "best_auc_layer": 25,
  "best_accuracy": 0.8619316296050448,
  "best_auc": 0.9384447269558758
}